rewards,lengths,energy,recharges,targets
-2.637276367187500000e+03,1.150000000000000000e+02,2.280000000000000000e+02,0.000000000000000000e+00,0.000000000000000000e+00
