rewards,lengths,energy,recharges,targets
-6.989355957031250000e+03,1.090000000000000000e+02,4.320000000000000000e+02,0.000000000000000000e+00,0.000000000000000000e+00
