rewards,lengths,energy,recharges,targets
-3.489888427734375000e+03,1.140000000000000000e+02,2.260000000000000000e+02,0.000000000000000000e+00,0.000000000000000000e+00
